Country,Country Code,Year,Rural_Electricity
Angola,AGO,1990,
Burundi,BDI,1990,
Benin,BEN,1990,
Burkina Faso,BFA,1990,
Botswana,BWA,1990,
Central African Republic,CAF,1990,
Côte d'Ivoire,CIV,1990,
Cameroon,CMR,1990,
Democratic Republic of the Congo,COD,1990,
Congo,COG,1990,
Comoros,COM,1990,
Cabo Verde,CPV,1990,
Djibouti,DJI,1990,
Eritrea,ERI,1990,
Ethiopia,ETH,1990,
Gabon,GAB,1990,
Ghana,GHA,1990,
Guinea,GIN,1990,
Gambia,GMB,1990,
Guinea-Bissau,GNB,1990,
Equatorial Guinea,GNQ,1990,
Kenya,KEN,1990,
Liberia,LBR,1990,
Lesotho,LSO,1990,
Madagascar,MDG,1990,
Mali,MLI,1990,
Mozambique,MOZ,1990,
Mauritania,MRT,1990,
Mauritius,MUS,1990,98.2915602575158
Malawi,MWI,1990,
Namibia,NAM,1990,
Niger,NER,1990,
Nigeria,NGA,1990,4.04391372536075
Rwanda,RWA,1990,
Sudan,SDN,1990,19.4548132165178
Senegal,SEN,1990,
Sierra Leone,SLE,1990,
South Sudan,SSD,1990,
Sao Tome and Principe,STP,1990,
Eswatini,SWZ,1990,
Seychelles,SYC,1990,
Chad,TCD,1990,
Togo,TGO,1990,
Tanzania,TZA,1990,
Uganda,UGA,1990,
South Africa,ZAF,1990,
Zambia,ZMB,1990,
Zimbabwe,ZWE,1990,
Angola,AGO,1991,
Burundi,BDI,1991,
Benin,BEN,1991,
Burkina Faso,BFA,1991,
Botswana,BWA,1991,3.97363741103963
Central African Republic,CAF,1991,
Côte d'Ivoire,CIV,1991,
Cameroon,CMR,1991,6.1105153508515
Democratic Republic of the Congo,COD,1991,
Congo,COG,1991,
Comoros,COM,1991,
Cabo Verde,CPV,1991,
Djibouti,DJI,1991,
Eritrea,ERI,1991,
Ethiopia,ETH,1991,
Gabon,GAB,1991,
Ghana,GHA,1991,
Guinea,GIN,1991,
Gambia,GMB,1991,
Guinea-Bissau,GNB,1991,
Equatorial Guinea,GNQ,1991,
Kenya,KEN,1991,
Liberia,LBR,1991,
Lesotho,LSO,1991,
Madagascar,MDG,1991,
Mali,MLI,1991,
Mozambique,MOZ,1991,
Mauritania,MRT,1991,
Mauritius,MUS,1991,98.3470808149092
Malawi,MWI,1991,
Namibia,NAM,1991,
Niger,NER,1991,
Nigeria,NGA,1991,14.2529109017222
Rwanda,RWA,1991,
Sudan,SDN,1991,11.2197237237857
Senegal,SEN,1991,
Sierra Leone,SLE,1991,
South Sudan,SSD,1991,
Sao Tome and Principe,STP,1991,
Eswatini,SWZ,1991,
Seychelles,SYC,1991,
Chad,TCD,1991,
Togo,TGO,1991,
Tanzania,TZA,1991,
Uganda,UGA,1991,1.97801908193011
South Africa,ZAF,1991,
Zambia,ZMB,1991,
Zimbabwe,ZWE,1991,
Angola,AGO,1992,
Burundi,BDI,1992,
Benin,BEN,1992,
Burkina Faso,BFA,1992,
Botswana,BWA,1992,1.6322980392337
Central African Republic,CAF,1992,
Côte d'Ivoire,CIV,1992,
Cameroon,CMR,1992,6.91980883714873
Democratic Republic of the Congo,COD,1992,
Congo,COG,1992,
Comoros,COM,1992,
Cabo Verde,CPV,1992,
Djibouti,DJI,1992,
Eritrea,ERI,1992,
Ethiopia,ETH,1992,
Gabon,GAB,1992,
Ghana,GHA,1992,
Guinea,GIN,1992,
Gambia,GMB,1992,
Guinea-Bissau,GNB,1992,
Equatorial Guinea,GNQ,1992,
Kenya,KEN,1992,
Liberia,LBR,1992,
Lesotho,LSO,1992,
Madagascar,MDG,1992,
Mali,MLI,1992,
Mozambique,MOZ,1992,
Mauritania,MRT,1992,
Mauritius,MUS,1992,98.4021830503044
Malawi,MWI,1992,0.889517615969156
Namibia,NAM,1992,10.7421410653722
Niger,NER,1992,
Nigeria,NGA,1992,14.9700471628511
Rwanda,RWA,1992,
Sudan,SDN,1992,10.8343538444816
Senegal,SEN,1992,
Sierra Leone,SLE,1992,
South Sudan,SSD,1992,
Sao Tome and Principe,STP,1992,
Eswatini,SWZ,1992,
Seychelles,SYC,1992,
Chad,TCD,1992,
Togo,TGO,1992,
Tanzania,TZA,1992,2.64826052829766
Uganda,UGA,1992,
South Africa,ZAF,1992,
Zambia,ZMB,1992,6.67226875555072
Zimbabwe,ZWE,1992,3.0640699844598
Angola,AGO,1993,
Burundi,BDI,1993,
Benin,BEN,1993,
Burkina Faso,BFA,1993,2.11886320042586
Botswana,BWA,1993,3.25835695727018
Central African Republic,CAF,1993,
Côte d'Ivoire,CIV,1993,
Cameroon,CMR,1993,7.62056580760999
Democratic Republic of the Congo,COD,1993,
Congo,COG,1993,
Comoros,COM,1993,
Cabo Verde,CPV,1993,
Djibouti,DJI,1993,
Eritrea,ERI,1993,
Ethiopia,ETH,1993,
Gabon,GAB,1993,
Ghana,GHA,1993,2.88737399274898
Guinea,GIN,1993,
Gambia,GMB,1993,2.62274541955752
Guinea-Bissau,GNB,1993,
Equatorial Guinea,GNQ,1993,
Kenya,KEN,1993,4.12953124862802
Liberia,LBR,1993,
Lesotho,LSO,1993,
Madagascar,MDG,1993,
Mali,MLI,1993,
Mozambique,MOZ,1993,
Mauritania,MRT,1993,
Mauritius,MUS,1993,98.4558275966457
Malawi,MWI,1993,
Namibia,NAM,1993,9.18226464800872
Niger,NER,1993,
Nigeria,NGA,1993,15.6931901780981
Rwanda,RWA,1993,
Sudan,SDN,1993,10.6143440942736
Senegal,SEN,1993,4.87466167299289
Sierra Leone,SLE,1993,
South Sudan,SSD,1993,
Sao Tome and Principe,STP,1993,
Eswatini,SWZ,1993,
Seychelles,SYC,1993,
Chad,TCD,1993,
Togo,TGO,1993,
Tanzania,TZA,1993,
Uganda,UGA,1993,
South Africa,ZAF,1993,
Zambia,ZMB,1993,
Zimbabwe,ZWE,1993,6.81137772522481
Angola,AGO,1994,
Burundi,BDI,1994,
Benin,BEN,1994,
Burkina Faso,BFA,1994,1.35751354030041
Botswana,BWA,1994,4.85342418017861
Central African Republic,CAF,1994,
Côte d'Ivoire,CIV,1994,13.5857437129987
Cameroon,CMR,1994,8.31513645719024
Democratic Republic of the Congo,COD,1994,
Congo,COG,1994,
Comoros,COM,1994,
Cabo Verde,CPV,1994,
Djibouti,DJI,1994,
Eritrea,ERI,1994,
Ethiopia,ETH,1994,
Gabon,GAB,1994,
Ghana,GHA,1994,1.58188327755997
Guinea,GIN,1994,
Gambia,GMB,1994,1.86518880500333
Guinea-Bissau,GNB,1994,
Equatorial Guinea,GNQ,1994,
Kenya,KEN,1994,
Liberia,LBR,1994,
Lesotho,LSO,1994,
Madagascar,MDG,1994,
Mali,MLI,1994,
Mozambique,MOZ,1994,
Mauritania,MRT,1994,
Mauritius,MUS,1994,98.5068265448817
Malawi,MWI,1994,
Namibia,NAM,1994,11.6155478859417
Niger,NER,1994,
Nigeria,NGA,1994,16.4231206189389
Rwanda,RWA,1994,
Sudan,SDN,1994,11.1582587189977
Senegal,SEN,1994,2.07164054676155
Sierra Leone,SLE,1994,
South Sudan,SSD,1994,
Sao Tome and Principe,STP,1994,
Eswatini,SWZ,1994,
Seychelles,SYC,1994,81.3051281349631
Chad,TCD,1994,
Togo,TGO,1994,
Tanzania,TZA,1994,
Uganda,UGA,1994,
South Africa,ZAF,1994,
Zambia,ZMB,1994,0.572324599248719
Zimbabwe,ZWE,1994,4.23310749673117
Angola,AGO,1995,
Burundi,BDI,1995,
Benin,BEN,1995,
Burkina Faso,BFA,1995,1.6318759881764
Botswana,BWA,1995,6.41893134310099
Central African Republic,CAF,1995,
Côte d'Ivoire,CIV,1995,19.275963754443
Cameroon,CMR,1995,9.00685322398649
Democratic Republic of the Congo,COD,1995,
Congo,COG,1995,
Comoros,COM,1995,
Cabo Verde,CPV,1995,
Djibouti,DJI,1995,
Eritrea,ERI,1995,6.13491533481697
Ethiopia,ETH,1995,
Gabon,GAB,1995,
Ghana,GHA,1995,3.69449260642638
Guinea,GIN,1995,
Gambia,GMB,1995,3.01920422809117
Guinea-Bissau,GNB,1995,
Equatorial Guinea,GNQ,1995,
Kenya,KEN,1995,
Liberia,LBR,1995,
Lesotho,LSO,1995,
Madagascar,MDG,1995,
Mali,MLI,1995,
Mozambique,MOZ,1995,
Mauritania,MRT,1995,
Mauritius,MUS,1995,98.553999286124
Malawi,MWI,1995,
Namibia,NAM,1995,12.5701003305813
Niger,NER,1995,0.95044150019798
Nigeria,NGA,1995,17.1597683755411
Rwanda,RWA,1995,
Sudan,SDN,1995,11.7032773021867
Senegal,SEN,1995,3.91607759069201
Sierra Leone,SLE,1995,
South Sudan,SSD,1995,
Sao Tome and Principe,STP,1995,
Eswatini,SWZ,1995,
Seychelles,SYC,1995,85.5084110027475
Chad,TCD,1995,
Togo,TGO,1995,
Tanzania,TZA,1995,
Uganda,UGA,1995,1.87703039726314
South Africa,ZAF,1995,
Zambia,ZMB,1995,1.29155598900718
Zimbabwe,ZWE,1995,7.02126705731805
Angola,AGO,1996,
Burundi,BDI,1996,
Benin,BEN,1996,2.77705783175004
Burkina Faso,BFA,1996,1.89743050224686
Botswana,BWA,1996,7.95553274362333
Central African Republic,CAF,1996,
Côte d'Ivoire,CIV,1996,20.160078805271
Cameroon,CMR,1996,9.69598041803811
Democratic Republic of the Congo,COD,1996,
Congo,COG,1996,
Comoros,COM,1996,19.8805397711065
Cabo Verde,CPV,1996,
Djibouti,DJI,1996,89.268173606928
Eritrea,ERI,1996,7.98567208919314
Ethiopia,ETH,1996,
Gabon,GAB,1996,
Ghana,GHA,1996,5.84076189699466
Guinea,GIN,1996,
Gambia,GMB,1996,4.16136700862084
Guinea-Bissau,GNB,1996,
Equatorial Guinea,GNQ,1996,
Kenya,KEN,1996,
Liberia,LBR,1996,
Lesotho,LSO,1996,
Madagascar,MDG,1996,
Mali,MLI,1996,0.831307181752044
Mozambique,MOZ,1996,
Mauritania,MRT,1996,
Mauritius,MUS,1996,98.5962016371233
Malawi,MWI,1996,
Namibia,NAM,1996,13.5321490263266
Niger,NER,1996,1.64365136147956
Nigeria,NGA,1996,17.9032057830542
Rwanda,RWA,1996,
Sudan,SDN,1996,12.2514904189297
Senegal,SEN,1996,5.7664919620875
Sierra Leone,SLE,1996,
South Sudan,SSD,1996,
Sao Tome and Principe,STP,1996,
Eswatini,SWZ,1996,
Seychelles,SYC,1996,86.1666082810887
Chad,TCD,1996,
Togo,TGO,1996,
Tanzania,TZA,1996,2.50879709356004
Uganda,UGA,1996,
South Africa,ZAF,1996,23.7916102466752
Zambia,ZMB,1996,1.80335801462763
Zimbabwe,ZWE,1996,7.12563619406345
Angola,AGO,1997,
Burundi,BDI,1997,
Benin,BEN,1997,2.95153386395072
Burkina Faso,BFA,1997,2.07642889027307
Botswana,BWA,1997,9.46555848682613
Central African Republic,CAF,1997,
Côte d'Ivoire,CIV,1997,21.0525576857507
Cameroon,CMR,1997,10.3874733739792
Democratic Republic of the Congo,COD,1997,
Congo,COG,1997,
Comoros,COM,1997,22.4304393678463
Cabo Verde,CPV,1997,
Djibouti,DJI,1997,62.7042268640208
Eritrea,ERI,1997,8.7639936271852
Ethiopia,ETH,1997,
Gabon,GAB,1997,
Ghana,GHA,1997,8.02875403552628
Guinea,GIN,1997,
Gambia,GMB,1997,5.29642095876161
Guinea-Bissau,GNB,1997,
Equatorial Guinea,GNQ,1997,
Kenya,KEN,1997,1.10441838046646
Liberia,LBR,1997,
Lesotho,LSO,1997,
Madagascar,MDG,1997,1.18310251618643
Mali,MLI,1997,
Mozambique,MOZ,1997,
Mauritania,MRT,1997,
Mauritius,MUS,1997,98.6322362578915
Malawi,MWI,1997,
Namibia,NAM,1997,14.5045539712598
Niger,NER,1997,
Nigeria,NGA,1997,18.6585470745314
Rwanda,RWA,1997,
Sudan,SDN,1997,12.8018831488452
Senegal,SEN,1997,7.84425287953184
Sierra Leone,SLE,1997,
South Sudan,SSD,1997,
Sao Tome and Principe,STP,1997,
Eswatini,SWZ,1997,
Seychelles,SYC,1997,84.9802673137764
Chad,TCD,1997,
Togo,TGO,1997,
Tanzania,TZA,1997,
Uganda,UGA,1997,
South Africa,ZAF,1997,49.6544141692749
Zambia,ZMB,1997,2.75654799307165
Zimbabwe,ZWE,1997,7.23135784697343
Angola,AGO,1998,
Burundi,BDI,1998,
Benin,BEN,1998,3.77084155437861
Burkina Faso,BFA,1998,2.17145348172265
Botswana,BWA,1998,10.9490920946759
Central African Republic,CAF,1998,
Côte d'Ivoire,CIV,1998,21.9540068337895
Cameroon,CMR,1998,10.1794693504608
Democratic Republic of the Congo,COD,1998,
Congo,COG,1998,
Comoros,COM,1998,25.0082204275858
Cabo Verde,CPV,1998,
Djibouti,DJI,1998,60.4289018318999
Eritrea,ERI,1998,9.54488908763459
Ethiopia,ETH,1998,
Gabon,GAB,1998,
Ghana,GHA,1998,13.2811809712728
Guinea,GIN,1998,
Gambia,GMB,1998,6.42344523654364
Guinea-Bissau,GNB,1998,
Equatorial Guinea,GNQ,1998,
Kenya,KEN,1998,6.64729225091167
Liberia,LBR,1998,
Lesotho,LSO,1998,
Madagascar,MDG,1998,
Mali,MLI,1998,
Mozambique,MOZ,1998,
Mauritania,MRT,1998,
Mauritius,MUS,1998,98.6609538753575
Malawi,MWI,1998,
Namibia,NAM,1998,15.4875548587814
Niger,NER,1998,1.01535961099747
Nigeria,NGA,1998,19.4251489051188
Rwanda,RWA,1998,
Sudan,SDN,1998,13.3557695871224
Senegal,SEN,1998,9.49389437250895
Sierra Leone,SLE,1998,
South Sudan,SSD,1998,
Sao Tome and Principe,STP,1998,
Eswatini,SWZ,1998,
Seychelles,SYC,1998,87.5086747413272
Chad,TCD,1998,0.957223532051433
Togo,TGO,1998,3.10279958670469
Tanzania,TZA,1998,0.853170550879861
Uganda,UGA,1998,
South Africa,ZAF,1998,40.4060402668527
Zambia,ZMB,1998,2.88768282232819
Zimbabwe,ZWE,1998,7.33813858843812
Angola,AGO,1999,
Burundi,BDI,1999,
Benin,BEN,1999,4.59248706500119
Burkina Faso,BFA,1999,
Botswana,BWA,1999,12.406704642078
Central African Republic,CAF,1999,
Côte d'Ivoire,CIV,1999,20.0588223798653
Cameroon,CMR,1999,11.7755709034738
Democratic Republic of the Congo,COD,1999,
Congo,COG,1999,
Comoros,COM,1999,27.5858429848953
Cabo Verde,CPV,1999,
Djibouti,DJI,1999,58.1876277844207
Eritrea,ERI,1999,10.3321187225537
Ethiopia,ETH,1999,
Gabon,GAB,1999,
Ghana,GHA,1999,12.5339851120814
Guinea,GIN,1999,
Gambia,GMB,1999,7.54491064269973
Guinea-Bissau,GNB,1999,
Equatorial Guinea,GNQ,1999,
Kenya,KEN,1999,4.72589861048926
Liberia,LBR,1999,
Lesotho,LSO,1999,
Madagascar,MDG,1999,
Mali,MLI,1999,
Mozambique,MOZ,1999,
Mauritania,MRT,1999,
Mauritius,MUS,1999,98.6840613137051
Malawi,MWI,1999,0.621764843884561
Namibia,NAM,1999,16.4824266799682
Niger,NER,1999,1.26439430496694
Nigeria,NGA,1999,24.3267900721401
Rwanda,RWA,1999,
Sudan,SDN,1999,13.9135440471703
Senegal,SEN,1999,11.6195222574929
Sierra Leone,SLE,1999,
South Sudan,SSD,1999,
Sao Tome and Principe,STP,1999,
Eswatini,SWZ,1999,
Seychelles,SYC,1999,88.1962329164559
Chad,TCD,1999,1.12140713399091
Togo,TGO,1999,3.13197689466699
Tanzania,TZA,1999,2.57321178552214
Uganda,UGA,1999,0.525055022127252
South Africa,ZAF,1999,52.8789748424114
Zambia,ZMB,1999,4.25715558615297
Zimbabwe,ZWE,1999,13.8849303894306
Angola,AGO,2000,3.5
Burundi,BDI,2000,
Benin,BEN,2000,5.4
Burkina Faso,BFA,2000,2.3
Botswana,BWA,2000,12.1
Central African Republic,CAF,2000,
Côte d'Ivoire,CIV,2000,23.8
Cameroon,CMR,2000,9.2
Democratic Republic of the Congo,COD,2000,
Congo,COG,2000,5.6
Comoros,COM,2000,30.2
Cabo Verde,CPV,2000,31.8
Djibouti,DJI,2000,54.0
Eritrea,ERI,2000,11.2
Ethiopia,ETH,2000,1.7
Gabon,GAB,2000,11.6
Ghana,GHA,2000,14.9
Guinea,GIN,2000,
Gambia,GMB,2000,18.8
Guinea-Bissau,GNB,2000,
Equatorial Guinea,GNQ,2000,36.2
Kenya,KEN,2000,6.6
Liberia,LBR,2000,
Lesotho,LSO,2000,2.0
Madagascar,MDG,2000,
Mali,MLI,2000,
Mozambique,MOZ,2000,
Mauritania,MRT,2000,3.0
Mauritius,MUS,2000,98.3
Malawi,MWI,2000,0.7
Namibia,NAM,2000,18.9
Niger,NER,2000,
Nigeria,NGA,2000,21.5
Rwanda,RWA,2000,
Sudan,SDN,2000,4.4
Senegal,SEN,2000,12.8
Sierra Leone,SLE,2000,
South Sudan,SSD,2000,
Sao Tome and Principe,STP,2000,40.1
Eswatini,SWZ,2000,10.4
Seychelles,SYC,2000,89.5
Chad,TCD,2000,1.2
Togo,TGO,2000,6.4
Tanzania,TZA,2000,1.7
Uganda,UGA,2000,1.6
South Africa,ZAF,2000,54.9
Zambia,ZMB,2000,2.1
Zimbabwe,ZWE,2000,7.3
Angola,AGO,2001,9.5
Burundi,BDI,2001,
Benin,BEN,2001,4.4
Burkina Faso,BFA,2001,2.2
Botswana,BWA,2001,10.4
Central African Republic,CAF,2001,0.8
Côte d'Ivoire,CIV,2001,24.6
Cameroon,CMR,2001,13.9
Democratic Republic of the Congo,COD,2001,
Congo,COG,2001,6.0
Comoros,COM,2001,32.7
Cabo Verde,CPV,2001,33.9
Djibouti,DJI,2001,52.5
Eritrea,ERI,2001,11.9
Ethiopia,ETH,2001,
Gabon,GAB,2001,21.5
Ghana,GHA,2001,17.4
Guinea,GIN,2001,
Gambia,GMB,2001,9.8
Guinea-Bissau,GNB,2001,
Equatorial Guinea,GNQ,2001,34.5
Kenya,KEN,2001,8.3
Liberia,LBR,2001,
Lesotho,LSO,2001,
Madagascar,MDG,2001,4.5
Mali,MLI,2001,
Mozambique,MOZ,2001,
Mauritania,MRT,2001,4.9
Mauritius,MUS,2001,98.7
Malawi,MWI,2001,1.3
Namibia,NAM,2001,18.5
Niger,NER,2001,2.0
Nigeria,NGA,2001,21.8
Rwanda,RWA,2001,
Sudan,SDN,2001,13.8
Senegal,SEN,2001,15.3
Sierra Leone,SLE,2001,
South Sudan,SSD,2001,
Sao Tome and Principe,STP,2001,36.5
Eswatini,SWZ,2001,18.3
Seychelles,SYC,2001,90.0
Chad,TCD,2001,1.3
Togo,TGO,2001,5.4
Tanzania,TZA,2001,2.5
Uganda,UGA,2001,2.3
South Africa,ZAF,2001,49.4
Zambia,ZMB,2001,5.8
Zimbabwe,ZWE,2001,7.6
Angola,AGO,2002,2.8
Burundi,BDI,2002,
Benin,BEN,2002,6.8
Burkina Faso,BFA,2002,2.1
Botswana,BWA,2002,6.4
Central African Republic,CAF,2002,0.9
Côte d'Ivoire,CIV,2002,26.8
Cameroon,CMR,2002,13.8
Democratic Republic of the Congo,COD,2002,
Congo,COG,2002,6.4
Comoros,COM,2002,33.2
Cabo Verde,CPV,2002,30.7
Djibouti,DJI,2002,26.1
Eritrea,ERI,2002,14.0
Ethiopia,ETH,2002,
Gabon,GAB,2002,21.0
Ghana,GHA,2002,19.8
Guinea,GIN,2002,
Gambia,GMB,2002,10.8
Guinea-Bissau,GNB,2002,
Equatorial Guinea,GNQ,2002,32.6
Kenya,KEN,2002,10.0
Liberia,LBR,2002,
Lesotho,LSO,2002,
Madagascar,MDG,2002,
Mali,MLI,2002,1.7
Mozambique,MOZ,2002,
Mauritania,MRT,2002,3.7
Mauritius,MUS,2002,99.0
Malawi,MWI,2002,1.5
Namibia,NAM,2002,19.1
Niger,NER,2002,2.3
Nigeria,NGA,2002,22.1
Rwanda,RWA,2002,
Sudan,SDN,2002,14.2
Senegal,SEN,2002,11.3
Sierra Leone,SLE,2002,
South Sudan,SSD,2002,
Sao Tome and Principe,STP,2002,37.4
Eswatini,SWZ,2002,16.7
Seychelles,SYC,2002,93.4
Chad,TCD,2002,1.4
Togo,TGO,2002,6.5
Tanzania,TZA,2002,3.2
Uganda,UGA,2002,2.0
South Africa,ZAF,2002,64.3
Zambia,ZMB,2002,2.2
Zimbabwe,ZWE,2002,7.2
Angola,AGO,2003,2.3
Burundi,BDI,2003,
Benin,BEN,2003,7.4
Burkina Faso,BFA,2003,1.2
Botswana,BWA,2003,16.4
Central African Republic,CAF,2003,1.0
Côte d'Ivoire,CIV,2003,26.1
Cameroon,CMR,2003,14.3
Democratic Republic of the Congo,COD,2003,
Congo,COG,2003,6.8
Comoros,COM,2003,37.6
Cabo Verde,CPV,2003,38.3
Djibouti,DJI,2003,49.2
Eritrea,ERI,2003,13.3
Ethiopia,ETH,2003,1.4
Gabon,GAB,2003,20.6
Ghana,GHA,2003,24.0
Guinea,GIN,2003,
Gambia,GMB,2003,1.0
Guinea-Bissau,GNB,2003,
Equatorial Guinea,GNQ,2003,30.6
Kenya,KEN,2003,6.9
Liberia,LBR,2003,
Lesotho,LSO,2003,
Madagascar,MDG,2003,7.7
Mali,MLI,2003,2.5
Mozambique,MOZ,2003,1.0
Mauritania,MRT,2003,3.8
Mauritius,MUS,2003,98.6
Malawi,MWI,2003,0.8
Namibia,NAM,2003,19.7
Niger,NER,2003,2.7
Nigeria,NGA,2003,32.7
Rwanda,RWA,2003,0.6
Sudan,SDN,2003,14.5
Senegal,SEN,2003,18.6
Sierra Leone,SLE,2003,
South Sudan,SSD,2003,
Sao Tome and Principe,STP,2003,38.4
Eswatini,SWZ,2003,19.8
Seychelles,SYC,2003,91.0
Chad,TCD,2003,1.5
Togo,TGO,2003,7.6
Tanzania,TZA,2003,3.2
Uganda,UGA,2003,4.1
South Africa,ZAF,2003,66.3
Zambia,ZMB,2003,1.9
Zimbabwe,ZWE,2003,8.8
Angola,AGO,2004,1.7
Burundi,BDI,2004,
Benin,BEN,2004,7.9
Burkina Faso,BFA,2004,1.8
Botswana,BWA,2004,17.9
Central African Republic,CAF,2004,1.1
Côte d'Ivoire,CIV,2004,26.9
Cameroon,CMR,2004,19.5
Democratic Republic of the Congo,COD,2004,
Congo,COG,2004,7.2
Comoros,COM,2004,40.1
Cabo Verde,CPV,2004,40.6
Djibouti,DJI,2004,47.6
Eritrea,ERI,2004,14.1
Ethiopia,ETH,2004,3.1
Gabon,GAB,2004,20.1
Ghana,GHA,2004,24.7
Guinea,GIN,2004,
Gambia,GMB,2004,13.0
Guinea-Bissau,GNB,2004,
Equatorial Guinea,GNQ,2004,28.6
Kenya,KEN,2004,13.4
Liberia,LBR,2004,
Lesotho,LSO,2004,1.4
Madagascar,MDG,2004,0.9
Mali,MLI,2004,3.2
Mozambique,MOZ,2004,1.0
Mauritania,MRT,2004,3.8
Mauritius,MUS,2004,98.6
Malawi,MWI,2004,2.8
Namibia,NAM,2004,20.2
Niger,NER,2004,3.0
Nigeria,NGA,2004,22.8
Rwanda,RWA,2004,1.8
Sudan,SDN,2004,14.9
Senegal,SEN,2004,8.7
Sierra Leone,SLE,2004,9.7
South Sudan,SSD,2004,
Sao Tome and Principe,STP,2004,39.4
Eswatini,SWZ,2004,23.0
Seychelles,SYC,2004,91.5
Chad,TCD,2004,
Togo,TGO,2004,8.7
Tanzania,TZA,2004,2.6
Uganda,UGA,2004,4.9
South Africa,ZAF,2004,73.2
Zambia,ZMB,2004,4.7
Zimbabwe,ZWE,2004,9.8
Angola,AGO,2005,1.0
Burundi,BDI,2005,
Benin,BEN,2005,8.5
Burkina Faso,BFA,2005,1.6
Botswana,BWA,2005,19.3
Central African Republic,CAF,2005,1.2
Côte d'Ivoire,CIV,2005,36.2
Cameroon,CMR,2005,15.4
Democratic Republic of the Congo,COD,2005,
Congo,COG,2005,7.2
Comoros,COM,2005,42.5
Cabo Verde,CPV,2005,42.5
Djibouti,DJI,2005,45.9
Eritrea,ERI,2005,14.8
Ethiopia,ETH,2005,0.6
Gabon,GAB,2005,27.1
Ghana,GHA,2005,7.9
Guinea,GIN,2005,
Gambia,GMB,2005,4.5
Guinea-Bissau,GNB,2005,
Equatorial Guinea,GNQ,2005,26.3
Kenya,KEN,2005,15.1
Liberia,LBR,2005,
Lesotho,LSO,2005,3.7
Madagascar,MDG,2005,1.0
Mali,MLI,2005,3.8
Mozambique,MOZ,2005,1.5
Mauritania,MRT,2005,1.2
Mauritius,MUS,2005,98.6
Malawi,MWI,2005,2.1
Namibia,NAM,2005,20.8
Niger,NER,2005,
Nigeria,NGA,2005,23.1
Rwanda,RWA,2005,0.7
Sudan,SDN,2005,15.2
Senegal,SEN,2005,23.3
Sierra Leone,SLE,2005,
South Sudan,SSD,2005,
Sao Tome and Principe,STP,2005,40.4
Eswatini,SWZ,2005,26.1
Seychelles,SYC,2005,92.1
Chad,TCD,2005,1.6
Togo,TGO,2005,9.8
Tanzania,TZA,2005,4.9
Uganda,UGA,2005,0.7
South Africa,ZAF,2005,73.4
Zambia,ZMB,2005,6.7
Zimbabwe,ZWE,2005,10.7
Angola,AGO,2006,0.7
Burundi,BDI,2006,
Benin,BEN,2006,7.9
Burkina Faso,BFA,2006,1.4
Botswana,BWA,2006,20.7
Central African Republic,CAF,2006,
Côte d'Ivoire,CIV,2006,34.1
Cameroon,CMR,2006,25.8
Democratic Republic of the Congo,COD,2006,
Congo,COG,2006,7.9
Comoros,COM,2006,45.0
Cabo Verde,CPV,2006,45.4
Djibouti,DJI,2006,32.6
Eritrea,ERI,2006,15.6
Ethiopia,ETH,2006,6.5
Gabon,GAB,2006,19.2
Ghana,GHA,2006,31.4
Guinea,GIN,2006,2.2
Gambia,GMB,2006,15.3
Guinea-Bissau,GNB,2006,2.1
Equatorial Guinea,GNQ,2006,24.0
Kenya,KEN,2006,16.9
Liberia,LBR,2006,
Lesotho,LSO,2006,2.6
Madagascar,MDG,2006,1.2
Mali,MLI,2006,1.5
Mozambique,MOZ,2006,2.0
Mauritania,MRT,2006,3.8
Mauritius,MUS,2006,98.6
Malawi,MWI,2006,
Namibia,NAM,2006,21.4
Niger,NER,2006,2.0
Nigeria,NGA,2006,23.5
Rwanda,RWA,2006,4.0
Sudan,SDN,2006,15.6
Senegal,SEN,2006,25.4
Sierra Leone,SLE,2006,
South Sudan,SSD,2006,
Sao Tome and Principe,STP,2006,41.4
Eswatini,SWZ,2006,27.3
Seychelles,SYC,2006,99.2
Chad,TCD,2006,1.8
Togo,TGO,2006,7.4
Tanzania,TZA,2006,5.5
Uganda,UGA,2006,2.1
South Africa,ZAF,2006,72.9
Zambia,ZMB,2006,7.0
Zimbabwe,ZWE,2006,9.4
Angola,AGO,2007,
Burundi,BDI,2007,
Benin,BEN,2007,9.7
Burkina Faso,BFA,2007,1.2
Botswana,BWA,2007,21.3
Central African Republic,CAF,2007,1.4
Côte d'Ivoire,CIV,2007,29.3
Cameroon,CMR,2007,6.4
Democratic Republic of the Congo,COD,2007,1.8
Congo,COG,2007,8.2
Comoros,COM,2007,47.5
Cabo Verde,CPV,2007,48.0
Djibouti,DJI,2007,42.6
Eritrea,ERI,2007,16.4
Ethiopia,ETH,2007,8.2
Gabon,GAB,2007,18.7
Ghana,GHA,2007,32.4
Guinea,GIN,2007,3.1
Gambia,GMB,2007,16.5
Guinea-Bissau,GNB,2007,
Equatorial Guinea,GNQ,2007,21.5
Kenya,KEN,2007,18.6
Liberia,LBR,2007,
Lesotho,LSO,2007,6.9
Madagascar,MDG,2007,1.3
Mali,MLI,2007,5.0
Mozambique,MOZ,2007,1.5
Mauritania,MRT,2007,3.8
Mauritius,MUS,2007,98.6
Malawi,MWI,2007,2.6
Namibia,NAM,2007,22.4
Niger,NER,2007,4.1
Nigeria,NGA,2007,25.3
Rwanda,RWA,2007,5.2
Sudan,SDN,2007,16.0
Senegal,SEN,2007,24.5
Sierra Leone,SLE,2007,0.6
South Sudan,SSD,2007,
Sao Tome and Principe,STP,2007,42.5
Eswatini,SWZ,2007,32.4
Seychelles,SYC,2007,93.1
Chad,TCD,2007,1.9
Togo,TGO,2007,11.8
Tanzania,TZA,2007,6.0
Uganda,UGA,2007,7.4
South Africa,ZAF,2007,75.9
Zambia,ZMB,2007,0.6
Zimbabwe,ZWE,2007,12.7
Angola,AGO,2008,6.6
Burundi,BDI,2008,0.9
Benin,BEN,2008,10.3
Burkina Faso,BFA,2008,1.2
Botswana,BWA,2008,21.6
Central African Republic,CAF,2008,4.7
Côte d'Ivoire,CIV,2008,35.6
Cameroon,CMR,2008,17.1
Democratic Republic of the Congo,COD,2008,
Congo,COG,2008,8.6
Comoros,COM,2008,50.0
Cabo Verde,CPV,2008,50.6
Djibouti,DJI,2008,40.9
Eritrea,ERI,2008,17.2
Ethiopia,ETH,2008,9.7
Gabon,GAB,2008,18.3
Ghana,GHA,2008,36.8
Guinea,GIN,2008,4.0
Gambia,GMB,2008,17.7
Guinea-Bissau,GNB,2008,
Equatorial Guinea,GNQ,2008,18.9
Kenya,KEN,2008,20.4
Liberia,LBR,2008,
Lesotho,LSO,2008,8.6
Madagascar,MDG,2008,1.4
Mali,MLI,2008,5.5
Mozambique,MOZ,2008,2.3
Mauritania,MRT,2008,4.0
Mauritius,MUS,2008,98.6
Malawi,MWI,2008,2.8
Namibia,NAM,2008,22.7
Niger,NER,2008,4.5
Nigeria,NGA,2008,25.6
Rwanda,RWA,2008,1.5
Sudan,SDN,2008,7.3
Senegal,SEN,2008,26.1
Sierra Leone,SLE,2008,
South Sudan,SSD,2008,
Sao Tome and Principe,STP,2008,43.7
Eswatini,SWZ,2008,35.5
Seychelles,SYC,2008,93.7
Chad,TCD,2008,2.0
Togo,TGO,2008,12.9
Tanzania,TZA,2008,1.0
Uganda,UGA,2008,8.3
South Africa,ZAF,2008,75.3
Zambia,ZMB,2008,7.4
Zimbabwe,ZWE,2008,13.8
Angola,AGO,2009,
Burundi,BDI,2009,
Benin,BEN,2009,10.9
Burkina Faso,BFA,2009,2.6
Botswana,BWA,2009,16.2
Central African Republic,CAF,2009,1.7
Côte d'Ivoire,CIV,2009,31.0
Cameroon,CMR,2009,17.7
Democratic Republic of the Congo,COD,2009,
Congo,COG,2009,9.2
Comoros,COM,2009,52.5
Cabo Verde,CPV,2009,53.4
Djibouti,DJI,2009,39.2
Eritrea,ERI,2009,18.5
Ethiopia,ETH,2009,11.3
Gabon,GAB,2009,17.9
Ghana,GHA,2009,37.9
Guinea,GIN,2009,5.0
Gambia,GMB,2009,18.8
Guinea-Bissau,GNB,2009,
Equatorial Guinea,GNQ,2009,16.2
Kenya,KEN,2009,10.1
Liberia,LBR,2009,
Lesotho,LSO,2009,8.6
Madagascar,MDG,2009,
Mali,MLI,2009,5.7
Mozambique,MOZ,2009,2.2
Mauritania,MRT,2009,3.2
Mauritius,MUS,2009,98.7
Malawi,MWI,2009,3.1
Namibia,NAM,2009,20.7
Niger,NER,2009,4.9
Nigeria,NGA,2009,24.6
Rwanda,RWA,2009,7.6
Sudan,SDN,2009,14.7
Senegal,SEN,2009,30.6
Sierra Leone,SLE,2009,1.0
South Sudan,SSD,2009,
Sao Tome and Principe,STP,2009,34.1
Eswatini,SWZ,2009,28.9
Seychelles,SYC,2009,94.3
Chad,TCD,2009,2.2
Togo,TGO,2009,13.9
Tanzania,TZA,2009,
Uganda,UGA,2009,1.9
South Africa,ZAF,2009,76.7
Zambia,ZMB,2009,7.6
Zimbabwe,ZWE,2009,19.6
Angola,AGO,2010,
Burundi,BDI,2010,
Benin,BEN,2010,10.6
Burkina Faso,BFA,2010,1.5
Botswana,BWA,2010,25.2
Central African Republic,CAF,2010,
Côte d'Ivoire,CIV,2010,31.9
Cameroon,CMR,2010,16.1
Democratic Republic of the Congo,COD,2010,
Congo,COG,2010,10.7
Comoros,COM,2010,63.7
Cabo Verde,CPV,2010,65.7
Djibouti,DJI,2010,37.5
Eritrea,ERI,2010,19.8
Ethiopia,ETH,2010,12.9
Gabon,GAB,2010,50.0
Ghana,GHA,2010,55.4
Guinea,GIN,2010,5.9
Gambia,GMB,2010,24.3
Guinea-Bissau,GNB,2010,2.1
Equatorial Guinea,GNQ,2010,13.8
Kenya,KEN,2010,7.2
Liberia,LBR,2010,1.0
Lesotho,LSO,2010,4.4
Madagascar,MDG,2010,
Mali,MLI,2010,
Mozambique,MOZ,2010,1.4
Mauritania,MRT,2010,2.1
Mauritius,MUS,2010,99.3
Malawi,MWI,2010,3.9
Namibia,NAM,2010,24.0
Niger,NER,2010,4.8
Nigeria,NGA,2010,23.5
Rwanda,RWA,2010,2.6
Sudan,SDN,2010,18.2
Senegal,SEN,2010,34.9
Sierra Leone,SLE,2010,
South Sudan,SSD,2010,1.0
Sao Tome and Principe,STP,2010,46.2
Eswatini,SWZ,2010,39.8
Seychelles,SYC,2010,94.4
Chad,TCD,2010,3.0
Togo,TGO,2010,9.3
Tanzania,TZA,2010,2.5
Uganda,UGA,2010,3.5
South Africa,ZAF,2010,76.9
Zambia,ZMB,2010,4.0
Zimbabwe,ZWE,2010,15.8
Angola,AGO,2011,
Burundi,BDI,2011,
Benin,BEN,2011,13.6
Burkina Faso,BFA,2011,1.9
Botswana,BWA,2011,25.2
Central African Republic,CAF,2011,
Côte d'Ivoire,CIV,2011,26.3
Cameroon,CMR,2011,16.8
Democratic Republic of the Congo,COD,2011,
Congo,COG,2011,10.5
Comoros,COM,2011,63.3
Cabo Verde,CPV,2011,67.8
Djibouti,DJI,2011,35.8
Eritrea,ERI,2011,21.1
Ethiopia,ETH,2011,9.6
Gabon,GAB,2011,42.4
Ghana,GHA,2011,42.0
Guinea,GIN,2011,6.8
Gambia,GMB,2011,25.1
Guinea-Bissau,GNB,2011,4.0
Equatorial Guinea,GNQ,2011,10.1
Kenya,KEN,2011,25.7
Liberia,LBR,2011,1.2
Lesotho,LSO,2011,10.8
Madagascar,MDG,2011,
Mali,MLI,2011,1.4
Mozambique,MOZ,2011,3.8
Mauritania,MRT,2011,1.5
Mauritius,MUS,2011,99.5
Malawi,MWI,2011,3.0
Namibia,NAM,2011,21.6
Niger,NER,2011,5.5
Nigeria,NGA,2011,31.0
Rwanda,RWA,2011,1.1
Sudan,SDN,2011,21.0
Senegal,SEN,2011,31.7
Sierra Leone,SLE,2011,
South Sudan,SSD,2011,1.0
Sao Tome and Principe,STP,2011,47.5
Eswatini,SWZ,2011,44.7
Seychelles,SYC,2011,96.4
Chad,TCD,2011,7.7
Togo,TGO,2011,16.3
Tanzania,TZA,2011,2.6
Uganda,UGA,2011,4.5
South Africa,ZAF,2011,78.6
Zambia,ZMB,2011,8.1
Zimbabwe,ZWE,2011,14.1
Angola,AGO,2012,
Burundi,BDI,2012,
Benin,BEN,2012,14.6
Burkina Faso,BFA,2012,1.5
Botswana,BWA,2012,25.3
Central African Republic,CAF,2012,0.5
Côte d'Ivoire,CIV,2012,25.8
Cameroon,CMR,2012,18.3
Democratic Republic of the Congo,COD,2012,
Congo,COG,2012,10.6
Comoros,COM,2012,63.1
Cabo Verde,CPV,2012,69.5
Djibouti,DJI,2012,22.1
Eritrea,ERI,2012,22.4
Ethiopia,ETH,2012,16.1
Gabon,GAB,2012,32.3
Ghana,GHA,2012,23.6
Guinea,GIN,2012,1.2
Gambia,GMB,2012,25.9
Guinea-Bissau,GNB,2012,6.0
Equatorial Guinea,GNQ,2012,6.8
Kenya,KEN,2012,27.5
Liberia,LBR,2012,2.8
Lesotho,LSO,2012,7.2
Madagascar,MDG,2012,
Mali,MLI,2012,
Mozambique,MOZ,2012,2.3
Mauritania,MRT,2012,0.8
Mauritius,MUS,2012,99.1
Malawi,MWI,2012,1.8
Namibia,NAM,2012,25.4
Niger,NER,2012,5.2
Nigeria,NGA,2012,27.0
Rwanda,RWA,2012,7.3
Sudan,SDN,2012,23.8
Senegal,SEN,2012,32.5
Sierra Leone,SLE,2012,1.5
South Sudan,SSD,2012,1.6
Sao Tome and Principe,STP,2012,42.8
Eswatini,SWZ,2012,48.2
Seychelles,SYC,2012,96.7
Chad,TCD,2012,3.0
Togo,TGO,2012,15.8
Tanzania,TZA,2012,2.3
Uganda,UGA,2012,11.7
South Africa,ZAF,2012,82.6
Zambia,ZMB,2012,8.2
Zimbabwe,ZWE,2012,23.8
Angola,AGO,2013,
Burundi,BDI,2013,1.0
Benin,BEN,2013,13.4
Burkina Faso,BFA,2013,1.0
Botswana,BWA,2013,25.9
Central African Republic,CAF,2013,0.7
Côte d'Ivoire,CIV,2013,34.5
Cameroon,CMR,2013,19.5
Democratic Republic of the Congo,COD,2013,
Congo,COG,2013,10.4
Comoros,COM,2013,62.5
Cabo Verde,CPV,2013,71.5
Djibouti,DJI,2013,32.5
Eritrea,ERI,2013,23.8
Ethiopia,ETH,2013,17.8
Gabon,GAB,2013,32.8
Ghana,GHA,2013,50.8
Guinea,GIN,2013,8.6
Gambia,GMB,2013,30.3
Guinea-Bissau,GNB,2013,8.0
Equatorial Guinea,GNQ,2013,6.2
Kenya,KEN,2013,29.3
Liberia,LBR,2013,3.5
Lesotho,LSO,2013,14.8
Madagascar,MDG,2013,
Mali,MLI,2013,3.4
Mozambique,MOZ,2013,2.8
Mauritania,MRT,2013,
Mauritius,MUS,2013,99.1
Malawi,MWI,2013,3.8
Namibia,NAM,2013,27.3
Niger,NER,2013,6.6
Nigeria,NGA,2013,31.6
Rwanda,RWA,2013,5.8
Sudan,SDN,2013,26.7
Senegal,SEN,2013,31.8
Sierra Leone,SLE,2013,
South Sudan,SSD,2013,2.1
Sao Tome and Principe,STP,2013,50.4
Eswatini,SWZ,2013,51.8
Seychelles,SYC,2013,96.2
Chad,TCD,2013,3.0
Togo,TGO,2013,17.1
Tanzania,TZA,2013,1.7
Uganda,UGA,2013,2.8
South Africa,ZAF,2013,82.4
Zambia,ZMB,2013,8.4
Zimbabwe,ZWE,2013,18.9
Angola,AGO,2014,
Burundi,BDI,2014,1.0
Benin,BEN,2014,16.2
Burkina Faso,BFA,2014,4.7
Botswana,BWA,2014,26.8
Central African Republic,CAF,2014,0.8
Côte d'Ivoire,CIV,2014,34.3
Cameroon,CMR,2014,18.8
Democratic Republic of the Congo,COD,2014,
Congo,COG,2014,10.7
Comoros,COM,2014,65.0
Cabo Verde,CPV,2014,73.8
Djibouti,DJI,2014,30.8
Eritrea,ERI,2014,25.1
Ethiopia,ETH,2014,12.0
Gabon,GAB,2014,19.8
Ghana,GHA,2014,64.0
Guinea,GIN,2014,9.5
Gambia,GMB,2014,27.8
Guinea-Bissau,GNB,2014,5.8
Equatorial Guinea,GNQ,2014,5.5
Kenya,KEN,2014,25.1
Liberia,LBR,2014,4.1
Lesotho,LSO,2014,15.6
Madagascar,MDG,2014,1.7
Mali,MLI,2014,4.5
Mozambique,MOZ,2014,2.7
Mauritania,MRT,2014,
Mauritius,MUS,2014,99.3
Malawi,MWI,2014,5.3
Namibia,NAM,2014,26.9
Niger,NER,2014,7.3
Nigeria,NGA,2014,27.1
Rwanda,RWA,2014,9.2
Sudan,SDN,2014,28.9
Senegal,SEN,2014,41.0
Sierra Leone,SLE,2014,1.8
South Sudan,SSD,2014,2.6
Sao Tome and Principe,STP,2014,52.4
Eswatini,SWZ,2014,59.3
Seychelles,SYC,2014,100.0
Chad,TCD,2014,3.0
Togo,TGO,2014,21.1
Tanzania,TZA,2014,10.0
Uganda,UGA,2014,11.9
South Africa,ZAF,2014,84.1
Zambia,ZMB,2014,4.2
Zimbabwe,ZWE,2014,7.7
Angola,AGO,2015,3.8
Burundi,BDI,2015,1.2
Benin,BEN,2015,11.1
Burkina Faso,BFA,2015,
Botswana,BWA,2015,26.5
Central African Republic,CAF,2015,1.3
Côte d'Ivoire,CIV,2015,39.2
Cameroon,CMR,2015,21.2
Democratic Republic of the Congo,COD,2015,1.0
Congo,COG,2015,11.1
Comoros,COM,2015,67.6
Cabo Verde,CPV,2015,76.2
Djibouti,DJI,2015,29.1
Eritrea,ERI,2015,26.6
Ethiopia,ETH,2015,15.5
Gabon,GAB,2015,18.1
Ghana,GHA,2015,57.0
Guinea,GIN,2015,10.4
Gambia,GMB,2015,28.9
Guinea-Bissau,GNB,2015,8.9
Equatorial Guinea,GNQ,2015,4.8
Kenya,KEN,2015,29.0
Liberia,LBR,2015,5.2
Lesotho,LSO,2015,19.7
Madagascar,MDG,2015,1.7
Mali,MLI,2015,7.3
Mozambique,MOZ,2015,0.9
Mauritania,MRT,2015,
Mauritius,MUS,2015,99.5
Malawi,MWI,2015,3.4
Namibia,NAM,2015,31.3
Niger,NER,2015,8.1
Nigeria,NGA,2015,25.9
Rwanda,RWA,2015,12.5
Sudan,SDN,2015,32.7
Senegal,SEN,2015,38.1
Sierra Leone,SLE,2015,1.9
South Sudan,SSD,2015,3.2
Sao Tome and Principe,STP,2015,53.8
Eswatini,SWZ,2015,59.1
Seychelles,SYC,2015,100.0
Chad,TCD,2015,0.5
Togo,TGO,2015,19.8
Tanzania,TZA,2015,11.3
Uganda,UGA,2015,9.0
South Africa,ZAF,2015,82.1
Zambia,ZMB,2015,4.7
Zimbabwe,ZWE,2015,10.9
Angola,AGO,2016,
Burundi,BDI,2016,1.5
Benin,BEN,2016,15.2
Burkina Faso,BFA,2016,
Botswana,BWA,2016,28.8
Central African Republic,CAF,2016,1.7
Côte d'Ivoire,CIV,2016,36.7
Cameroon,CMR,2016,21.8
Democratic Republic of the Congo,COD,2016,1.0
Congo,COG,2016,11.6
Comoros,COM,2016,70.1
Cabo Verde,CPV,2016,78.8
Djibouti,DJI,2016,29.5
Eritrea,ERI,2016,28.0
Ethiopia,ETH,2016,32.4
Gabon,GAB,2016,18.9
Ghana,GHA,2016,66.6
Guinea,GIN,2016,6.7
Gambia,GMB,2016,30.0
Guinea-Bissau,GNB,2016,10.5
Equatorial Guinea,GNQ,2016,4.1
Kenya,KEN,2016,42.1
Liberia,LBR,2016,4.1
Lesotho,LSO,2016,23.3
Madagascar,MDG,2016,
Mali,MLI,2016,8.4
Mozambique,MOZ,2016,4.7
Mauritania,MRT,2016,
Mauritius,MUS,2016,99.8
Malawi,MWI,2016,4.9
Namibia,NAM,2016,31.6
Niger,NER,2016,8.8
Nigeria,NGA,2016,34.0
Rwanda,RWA,2016,19.0
Sudan,SDN,2016,35.8
Senegal,SEN,2016,44.5
Sierra Leone,SLE,2016,1.6
South Sudan,SSD,2016,3.7
Sao Tome and Principe,STP,2016,58.6
Eswatini,SWZ,2016,58.1
Seychelles,SYC,2016,100.0
Chad,TCD,2016,2.8
Togo,TGO,2016,21.0
Tanzania,TZA,2016,17.3
Uganda,UGA,2016,17.7
South Africa,ZAF,2016,77.9
Zambia,ZMB,2016,9.9
Zimbabwe,ZWE,2016,21.9
Angola,AGO,2017,
Burundi,BDI,2017,1.7
Benin,BEN,2017,17.2
Burkina Faso,BFA,2017,
Botswana,BWA,2017,31.0
Central African Republic,CAF,2017,2.1
Côte d'Ivoire,CIV,2017,38.4
Cameroon,CMR,2017,22.4
Democratic Republic of the Congo,COD,2017,1.0
Congo,COG,2017,11.8
Comoros,COM,2017,72.6
Cabo Verde,CPV,2017,81.2
Djibouti,DJI,2017,
Eritrea,ERI,2017,29.5
Ethiopia,ETH,2017,31.0
Gabon,GAB,2017,
Ghana,GHA,2017,65.3
Guinea,GIN,2017,8.6
Gambia,GMB,2017,20.5
Guinea-Bissau,GNB,2017,12.5
Equatorial Guinea,GNQ,2017,3.5
Kenya,KEN,2017,45.8
Liberia,LBR,2017,7.4
Lesotho,LSO,2017,20.2
Madagascar,MDG,2017,
Mali,MLI,2017,
Mozambique,MOZ,2017,4.4
Mauritania,MRT,2017,
Mauritius,MUS,2017,99.6
Malawi,MWI,2017,3.7
Namibia,NAM,2017,31.6
Niger,NER,2017,9.2
Nigeria,NGA,2017,22.6
Rwanda,RWA,2017,23.6
Sudan,SDN,2017,38.8
Senegal,SEN,2017,35.4
Sierra Leone,SLE,2017,5.4
South Sudan,SSD,2017,2.9
Sao Tome and Principe,STP,2017,76.2
Eswatini,SWZ,2017,69.8
Seychelles,SYC,2017,100.0
Chad,TCD,2017,4.2
Togo,TGO,2017,19.5
Tanzania,TZA,2017,16.0
Uganda,UGA,2017,23.0
South Africa,ZAF,2017,79.1
Zambia,ZMB,2017,14.0
Zimbabwe,ZWE,2017,24.2
Angola,AGO,2018,7.3
Burundi,BDI,2018,2.0
Benin,BEN,2018,16.3
Burkina Faso,BFA,2018,
Botswana,BWA,2018,29.1
Central African Republic,CAF,2018,2.2
Côte d'Ivoire,CIV,2018,40.4
Cameroon,CMR,2018,26.3
Democratic Republic of the Congo,COD,2018,1.0
Congo,COG,2018,11.8
Comoros,COM,2018,75.1
Cabo Verde,CPV,2018,84.6
Djibouti,DJI,2018,33.6
Eritrea,ERI,2018,31.0
Ethiopia,ETH,2018,32.5
Gabon,GAB,2018,21.3
Ghana,GHA,2018,68.3
Guinea,GIN,2018,21.4
Gambia,GMB,2018,
Guinea-Bissau,GNB,2018,13.3
Equatorial Guinea,GNQ,2018,2.9
Kenya,KEN,2018,51.6
Liberia,LBR,2018,7.7
Lesotho,LSO,2018,
Madagascar,MDG,2018,16.0
Mali,MLI,2018,25.4
Mozambique,MOZ,2018,8.0
Mauritania,MRT,2018,
Mauritius,MUS,2018,100.0
Malawi,MWI,2018,11.7
Namibia,NAM,2018,30.2
Niger,NER,2018,11.7
Nigeria,NGA,2018,31.0
Rwanda,RWA,2018,28.0
Sudan,SDN,2018,41.7
Senegal,SEN,2018,41.4
Sierra Leone,SLE,2018,6.4
South Sudan,SSD,2018,4.8
Sao Tome and Principe,STP,2018,55.7
Eswatini,SWZ,2018,69.7
Seychelles,SYC,2018,100.0
Chad,TCD,2018,2.3
Togo,TGO,2018,26.3
Tanzania,TZA,2018,18.1
Uganda,UGA,2018,32.5
South Africa,ZAF,2018,79.7
Zambia,ZMB,2018,12.4
Zimbabwe,ZWE,2018,26.4
Angola,AGO,2019,
Burundi,BDI,2019,2.0
Benin,BEN,2019,16.9
Burkina Faso,BFA,2019,
Botswana,BWA,2019,27.9
Central African Republic,CAF,2019,1.5
Côte d'Ivoire,CIV,2019,42.1
Cameroon,CMR,2019,23.6
Democratic Republic of the Congo,COD,2019,1.0
Congo,COG,2019,11.4
Comoros,COM,2019,77.6
Cabo Verde,CPV,2019,87.3
Djibouti,DJI,2019,40.3
Eritrea,ERI,2019,32.5
Ethiopia,ETH,2019,36.0
Gabon,GAB,2019,22.8
Ghana,GHA,2019,70.0
Guinea,GIN,2019,17.0
Gambia,GMB,2019,
Guinea-Bissau,GNB,2019,14.3
Equatorial Guinea,GNQ,2019,2.4
Kenya,KEN,2019,61.7
Liberia,LBR,2019,8.3
Lesotho,LSO,2019,32.6
Madagascar,MDG,2019,13.0
Mali,MLI,2019,15.2
Mozambique,MOZ,2019,5.2
Mauritania,MRT,2019,
Mauritius,MUS,2019,100.0
Malawi,MWI,2019,4.1
Namibia,NAM,2019,31.2
Niger,NER,2019,9.7
Nigeria,NGA,2019,25.5
Rwanda,RWA,2019,38.3
Sudan,SDN,2019,44.4
Senegal,SEN,2019,47.8
Sierra Leone,SLE,2019,1.5
South Sudan,SSD,2019,5.1
Sao Tome and Principe,STP,2019,68.2
Eswatini,SWZ,2019,72.9
Seychelles,SYC,2019,100.0
Chad,TCD,2019,
Togo,TGO,2019,23.9
Tanzania,TZA,2019,19.0
Uganda,UGA,2019,31.8
South Africa,ZAF,2019,80.4
Zambia,ZMB,2019,14.2
Zimbabwe,ZWE,2019,28.3
Angola,AGO,2020,
Burundi,BDI,2020,0.9
Benin,BEN,2020,17.4
Burkina Faso,BFA,2020,
Botswana,BWA,2020,26.2
Central African Republic,CAF,2020,1.9
Côte d'Ivoire,CIV,2020,43.7
Cameroon,CMR,2020,24.2
Democratic Republic of the Congo,COD,2020,1.0
Congo,COG,2020,11.8
Comoros,COM,2020,80.1
Cabo Verde,CPV,2020,92.7
Djibouti,DJI,2020,35.8
Eritrea,ERI,2020,34.1
Ethiopia,ETH,2020,39.4
Gabon,GAB,2020,24.7
Ghana,GHA,2020,73.1
Guinea,GIN,2020,19.3
Gambia,GMB,2020,31.0
Guinea-Bissau,GNB,2020,15.1
Equatorial Guinea,GNQ,2020,1.8
Kenya,KEN,2020,62.7
Liberia,LBR,2020,8.1
Lesotho,LSO,2020,35.2
Madagascar,MDG,2020,6.7
Mali,MLI,2020,16.8
Mozambique,MOZ,2020,4.6
Mauritania,MRT,2020,
Mauritius,MUS,2020,99.5
Malawi,MWI,2020,3.5
Namibia,NAM,2020,
Niger,NER,2020,9.7
Nigeria,NGA,2020,24.6
Rwanda,RWA,2020,34.9
Sudan,SDN,2020,46.9
Senegal,SEN,2020,38.6
Sierra Leone,SLE,2020,4.7
South Sudan,SSD,2020,5.4
Sao Tome and Principe,STP,2020,71.0
Eswatini,SWZ,2020,76.1
Seychelles,SYC,2020,100.0
Chad,TCD,2020,1.6
Togo,TGO,2020,24.3
Tanzania,TZA,2020,22.0
Uganda,UGA,2020,32.8
South Africa,ZAF,2020,95.5
Zambia,ZMB,2020,14.0
Zimbabwe,ZWE,2020,37.1
Angola,AGO,2021,
Burundi,BDI,2021,1.6
Benin,BEN,2021,18.0
Burkina Faso,BFA,2021,
Botswana,BWA,2021,25.0
Central African Republic,CAF,2021,1.6
Côte d'Ivoire,CIV,2021,45.2
Cameroon,CMR,2021,24.8
Democratic Republic of the Congo,COD,2021,1.0
Congo,COG,2021,12.4
Comoros,COM,2021,82.9
Cabo Verde,CPV,2021,96.9
Djibouti,DJI,2021,36.6
Eritrea,ERI,2021,35.7
Ethiopia,ETH,2021,42.8
Gabon,GAB,2021,26.8
Ghana,GHA,2021,74.0
Guinea,GIN,2021,21.3
Gambia,GMB,2021,31.2
Guinea-Bissau,GNB,2021,15.8
Equatorial Guinea,GNQ,2021,1.4
Kenya,KEN,2021,68.2
Liberia,LBR,2021,8.1
Lesotho,LSO,2021,37.7
Madagascar,MDG,2021,10.9
Mali,MLI,2021,18.3
Mozambique,MOZ,2021,3.8
Mauritania,MRT,2021,
Mauritius,MUS,2021,99.8
Malawi,MWI,2021,5.6
Namibia,NAM,2021,33.2
Niger,NER,2021,9.1
Nigeria,NGA,2021,26.3
Rwanda,RWA,2021,38.2
Sudan,SDN,2021,49.4
Senegal,SEN,2021,43.4
Sierra Leone,SLE,2021,4.9
South Sudan,SSD,2021,5.7
Sao Tome and Principe,STP,2021,73.7
Eswatini,SWZ,2021,79.1
Seychelles,SYC,2021,100.0
Chad,TCD,2021,1.3
Togo,TGO,2021,24.7
Tanzania,TZA,2021,23.3
Uganda,UGA,2021,35.9
South Africa,ZAF,2021,93.4
Zambia,ZMB,2021,14.5
Zimbabwe,ZWE,2021,31.6
Angola,AGO,2022,
Burundi,BDI,2022,1.6
Benin,BEN,2022,45.5
Burkina Faso,BFA,2022,3.4
Botswana,BWA,2022,25.0
Central African Republic,CAF,2022,1.6
Côte d'Ivoire,CIV,2022,45.3
Cameroon,CMR,2022,25.0
Democratic Republic of the Congo,COD,2022,1.0
Congo,COG,2022,12.4
Comoros,COM,2022,82.9
Cabo Verde,CPV,2022,96.9
Djibouti,DJI,2022,36.6
Eritrea,ERI,2022,36.0
Ethiopia,ETH,2022,43.0
Gabon,GAB,2022,29.0
Ghana,GHA,2022,71.6
Guinea,GIN,2022,21.3
Gambia,GMB,2022,31.2
Guinea-Bissau,GNB,2022,15.8
Equatorial Guinea,GNQ,2022,1.4
Kenya,KEN,2022,65.0
Liberia,LBR,2022,14.9
Lesotho,LSO,2022,37.7
Madagascar,MDG,2022,10.9
Mali,MLI,2022,18.3
Mozambique,MOZ,2022,5.0
Mauritania,MRT,2022,
Mauritius,MUS,2022,100.0
Malawi,MWI,2022,5.6
Namibia,NAM,2022,33.2
Niger,NER,2022,7.7
Nigeria,NGA,2022,27.0
Rwanda,RWA,2022,38.2
Sudan,SDN,2022,49.4
Senegal,SEN,2022,43.4
Sierra Leone,SLE,2022,5.0
South Sudan,SSD,2022,5.7
Sao Tome and Principe,STP,2022,73.7
Eswatini,SWZ,2022,81.6
Seychelles,SYC,2022,100.0
Chad,TCD,2022,1.3
Togo,TGO,2022,25.0
Tanzania,TZA,2022,36.0
Uganda,UGA,2022,35.9
South Africa,ZAF,2022,93.4
Zambia,ZMB,2022,14.5
Zimbabwe,ZWE,2022,33.7
Angola,AGO,2023,
Burundi,BDI,2023,2.3
Benin,BEN,2023,43.7
Burkina Faso,BFA,2023,2.0
Botswana,BWA,2023,25.0
Central African Republic,CAF,2023,2.3
Côte d'Ivoire,CIV,2023,48.0
Cameroon,CMR,2023,26.0
Democratic Republic of the Congo,COD,2023,1.0
Congo,COG,2023,10.8
Comoros,COM,2023,86.1
Cabo Verde,CPV,2023,96.9
Djibouti,DJI,2023,37.0
Eritrea,ERI,2023,37.1
Ethiopia,ETH,2023,43.6
Gabon,GAB,2023,29.0
Ghana,GHA,2023,77.8
Guinea,GIN,2023,25.7
Gambia,GMB,2023,35.3
Guinea-Bissau,GNB,2023,20.7
Equatorial Guinea,GNQ,2023,2.4
Kenya,KEN,2023,67.9
Liberia,LBR,2023,9.3
Lesotho,LSO,2023,45.2
Madagascar,MDG,2023,14.6
Mali,MLI,2023,22.7
Mozambique,MOZ,2023,8.9
Mauritania,MRT,2023,
Mauritius,MUS,2023,100.0
Malawi,MWI,2023,6.1
Namibia,NAM,2023,34.1
Niger,NER,2023,10.4
Nigeria,NGA,2023,32.9
Rwanda,RWA,2023,57.9
Sudan,SDN,2023,54.0
Senegal,SEN,2023,56.5
Sierra Leone,SLE,2023,19.0
South Sudan,SSD,2023,1.8
Sao Tome and Principe,STP,2023,69.6
Eswatini,SWZ,2023,84.9
Seychelles,SYC,2023,100.0
Chad,TCD,2023,0.4
Togo,TGO,2023,30.5
Tanzania,TZA,2023,27.9
Uganda,UGA,2023,42.4
South Africa,ZAF,2023,94.0
Zambia,ZMB,2023,17.6
Zimbabwe,ZWE,2023,51.4
